<?xml version="1.0" encoding="UTF-8"?>
<!DOCTYPE module PUBLIC "-//Google Inc.//DTD Google Web Toolkit 2.5.0//EN"
        "http://google-web-toolkit.googlecode.com/svn/tags/2.5.0/distro-source/core/src/gwt-module.dtd">
<module rename-to='stroom'>
    <!-- Inherit the core Web Toolkit stuff. -->
    <inherits name='com.google.gwt.user.User'/>

    <!-- Inherit GIN -->
    <inherits name="com.google.gwt.inject.Inject"/>

    <inherits name='com.google.gwt.xml.XML'/>
    <inherits name="com.google.gwt.logging.Logging"/>

    <inherits name='javax.xml.bind.annotation.Adapters'/>

    <inherits name='io.swagger.Swagger'/>

    <!-- RestyGWT -->
    <inherits name="org.fusesource.restygwt.RestyGWT"/>

    <!-- Websocket -->
    <inherits name="stroom.websocket.WebSocket" />

    <!-- Other module inherits -->
    <inherits name='stroom.dispatch.Dispatch'/>

    <inherits name='stroom.Stroom'/>
    <inherits name='stroom.core.Core'/>
    <inherits name='stroom.task.Task'/>
    <inherits name='stroom.main.Main'/>
    <inherits name='stroom.widget.popup.Popup'/>
    <inherits name='stroom.security.Security'/>
    <inherits name='stroom.service.Service'/>
    <inherits name='stroom.util.Util'/>
    <inherits name='stroom.svg.SVG' />

    <!-- Import Stroom widgets -->
    <!--   <inherits name="stroom.widget.code.Code" /> -->
    <inherits name="stroom.widget.util.Util"/>
    <inherits name="stroom.widget.contextmenu.ContextMenu"/>
    <inherits name="stroom.widget.tab.Tab"/>
    <inherits name="stroom.widget.customdatebox.CustomDateBox"/>

    <inherits name="stroom.widget.debug.Debug" />
    <inherits name="stroom.widget.dropdowntree.DropDownTree" />
    <inherits name="stroom.widget.layout.Layout" />
    <inherits name="stroom.item.Item" />
    <inherits name="stroom.widget.menu.Menu" />
    <inherits name="stroom.widget.button.Button" />
    <inherits name="stroom.widget.form.Form" />
    <inherits name="stroom.widget.popup.Popup" />
    <inherits name="stroom.widget.progress.Progress" />
    <inherits name="stroom.widget.tickbox.TickBox" />
    <inherits name="stroom.widget.tooltip.Tooltip" />
    <inherits name="stroom.widget.valuespinner.ValueSpinner" />
    <inherits name="stroom.editor.Editor" />
    <inherits name="stroom.widget.xsdbrowser.XSDBrowser"/>
    <inherits name="stroom.widget.htree.HTree"/>
    <inherits name="stroom.widget.spinner.Spinner"/>
    <inherits name="stroom.widget.linecolinput.LineColInput"/>

    <!-- Import functional areas -->
    <!--  Minimal -->
    <inherits name="stroom.config.Config" />
    <inherits name="stroom.config.global.GlobalConfig" />
    <inherits name="stroom.ui.config.UiConfig" />
    <inherits name="stroom.meta.Meta" />
    <inherits name="stroom.about.About" />
    <inherits name="stroom.activity.Activity" />
    <inherits name="stroom.annotation.Annotation" />
    <inherits name="stroom.alert.Alert" />
    <inherits name="stroom.apikeys.ApiKeys" />
    <inherits name="stroom.content.Content" />
    <inherits name="stroom.data.store.impl.fs.FsVolume" />
    <inherits name="stroom.dispatch.Dispatch" />
    <inherits name='stroom.document.Document'/>
    <inherits name="stroom.entity.Entity" />
    <inherits name="stroom.explorer.Explorer" />
    <inherits name="stroom.menubar.Menubar" />
    <inherits name="stroom.node.Node" />
    <inherits name="stroom.users.Users" />
    <inherits name="stroom.util.Util" />
    <inherits name="stroom.welcome.Welcome" />
    <inherits name="stroom.trackers.Trackers" />
    <inherits name="stroom.hyperlink.Hyperlink" />
    <inherits name="stroom.iframe.IFrame" />
    <inherits name="stroom.preferences.Preferences" />

    <!-- Additional -->
    <inherits name="stroom.folder.Folder" />
    <inherits name="stroom.dictionary.Dictionary" />
    <inherits name="stroom.documentation.Documentation" />
    <inherits name="stroom.index.Index" />
    <inherits name="stroom.search.elastic.ElasticCluster" />
    <inherits name="stroom.search.elastic.ElasticIndex" />
    <inherits name="stroom.search.solr.SolrIndex" />
    <inherits name="stroom.dashboard.Dashboard" />

    <inherits name="stroom.query.Query" />

    <inherits name="stroom.statistics.impl.hbase.HbaseStatistics"/>
    <inherits name="stroom.statistics.impl.sql.SqlStatistics"/>
    <inherits name="stroom.benchmark.Benchmark" />
    <inherits name="stroom.docstore.DocStore"/>
    <inherits name="stroom.data.retention.DataRetention"/>
    <inherits name="stroom.receive.rules.RuleSet"/>
    <inherits name="stroom.data.Data" />
    <inherits name="stroom.streamtask.StreamTask" />
    <inherits name="stroom.task.Task" />
    <inherits name="stroom.pipeline.Pipeline" />
    <inherits name="stroom.pipeline.structure.Structure" />
    <inherits name="stroom.pipeline.stepping.PipelineStepping" />
    <inherits name="stroom.processor.Processor"/>
    <inherits name="stroom.xmlschema.XMLSchema" />
    <inherits name="stroom.kafka.KafkaConfig" />
    <inherits name="stroom.pool.Pool" />
    <inherits name="stroom.cache.Cache" />
    <inherits name="stroom.feed.Feed" />
    <inherits name="stroom.help.Help" />
    <inherits name="stroom.importexport.ImportExport" />
    <inherits name="stroom.job.Job" />
    <inherits name="stroom.monitoring.Monitoring" />
    <inherits name="stroom.index.Index"/>
    <inherits name="stroom.analytics.Analytics" />
    <inherits name="stroom.view.View" />
    <!--
    <inherits name="stroom.nstat.store.monitoring.StatsMonitoring" />
     -->

    <!-- Include new data controls -->
    <inherits name="stroom.data.Data" />
    <inherits name="stroom.data.grid.Grid" />
    <inherits name="stroom.data.table.Table" />
    <inherits name="stroom.data.pager.Pager" />
    <inherits name="stroom.cell.Cell" />

    <!-- Include GWTP -->
    <inherits name="com.gwtplatform.mvp.Mvp"/>

    <!-- Specify the app entry point class. -->
    <entry-point class='stroom.app.client.App'/>

    <!-- Specify the paths for translatable code -->
    <source path='client'/>
    <source path='shared'/>

    <!-- This is required for Gwt-Platform Proxy's generator -->
    <define-configuration-property name="gin.ginjector" is-multi-valued="false" />
    <set-configuration-property name="gin.ginjector" value="stroom.app.client.gin.AppGinjectorUser" />
    <set-configuration-property name='xsiframe.failIfScriptTag' value='FALSE'/>

</module>
